,Fitness Condition (+),PFLU_RS06430,PFLU_RS10765,PFLU_RS18410,PFLU_RS19015,PFLU_RS21530
1,set4IT053 Temperature shift 10_to_30,1.37,7.21,7.33,7.04,3.1
2,set4IT052 Temperature shift 10_to_30,1.53,6.82,6.93,6.76,3.17
3,set4IT054 Temperature shift 10_to_30,1.38,6.89,6.72,6.89,3.18
4,set4IT056 Temperature shift 10_to_30; with MOPS,1.15,6.12,6.32,4.78,3.93
5,set4IT060 no extra (N); with MOPS,1.68,5.72,5.67,4.79,2.89
6,set4IT059 no extra (N); with MOPS,1.18,5.71,5.86,4.9,2.76
7,set4IT057 Temperature shift 10_to_30; with MOPS,0.93,5.57,5.76,3.97,2.94
8,set4IT058 no extra (N); with MOPS,0.99,4.19,4.57,3.51,1.63
9,set17IT026 p-Coumaric (C) 5 mM,1.07,3.79,4.36,4.82,0.81
10,set17IT038 p-Coumaric (C) 5 mM,1.43,4.53,3.5,4.76,0.61
